{
  "parsed": {
    "duration_hours": 81.0,
    "mtow_kg": 7.0,
    "payload_kg": 0.2,
    "altitude_m": 121.92
  },
  "req": {
    "altitude_m": 121.92,
    "Re_list": [
      305087.6188005604,
      457631.4282008406,
      686447.142301261
    ],
    "cl_target": 0.6,
    "t_c_min": 0.048888888888888885,
    "ncrit": 9.0,
    "alphas": [
      -4.0,
      -3.5,
      -3.0,
      -2.5,
      -2.0,
      -1.5,
      -1.0,
      -0.5,
      0.0,
      0.5,
      1.0,
      1.5,
      2.0,
      2.5,
      3.0,
      3.5,
      4.0,
      4.5,
      5.0,
      5.5,
      6.0,
      6.5,
      7.0,
      7.5,
      8.0,
      8.5,
      9.0,
      9.5,
      10.0,
      10.5,
      11.0,
      11.5,
      12.0
    ],
    "cruise_speed_mps": 15.0,
    "ref_chord_m": 0.45
  }
}