{
    "airspeed": [
        13.28405323395616
    ],
    "togw_max": [
        7.000000069981321
    ],
    "power_out_max": [
        687.7746731136762
    ],
    "thrust_cruise": [
        3.21743611164562
    ],
    "propeller_diameter": [
        0.6941318520864427
    ],
    "solar_panels_n": [
        57.01867938483823
    ],
    "battery_capacity": [
        849.4229769370863
    ],
    "battery_states": [
        [
            480.86048176917046,
            496.20893127093683,
            511.54357282370347,
            526.836813765762,
            542.0611311341266,
            557.1891180966062,
            572.1935303335808,
            587.0473323499862,
            601.7237436986011,
            616.1962850964408,
            630.4388244168375,
            644.4256225405828,
            658.1313790502093,
            671.5312777519945,
            684.6010320103945,
            697.3169298791227,
            709.6558790116518,
            721.5954513310921,
            733.1139274345389,
            744.19034069923,
            754.8045210460108,
            764.93713829795,
            774.5697450461537,
            783.6848188975255,
            792.265803925716,
            800.2971510700638,
            807.7643571183198,
            814.6540017534688,
            820.9537819228087,
            826.6525424690333,
            831.7403015047375,
            836.2082683486019,
            840.0488508763015,
            843.2556477253675,
            845.8234187088364,
            847.7480236956758,
            849.0244396079984,
            849.4135233470572,
            849.3374118285769,
            848.6645136116477,
            847.3374371981271,
            845.3525422479089,
            842.7034474499483,
            839.3791116037473,
            835.3615743647564,
            830.6242970529768,
            825.1350023527348,
            818.8749060047732,
            811.8981499579361,
            804.4261220684863,
            796.7453434014143,
            789.036354559014,
            781.3273657166137,
            773.6183768742135,
            765.9093880318133,
            758.200399189413,
            750.4914103470127,
            742.7824215046124,
            735.0734326622122,
            727.364443819812,
            719.6554549774116,
            711.9464661350115,
            704.2374772926112,
            696.528488450211,
            688.8194996078107,
            681.1105107654105,
            673.4015219230103,
            665.6925330806099,
            657.9835442382097,
            650.2745553958093,
            642.5655665534092,
            634.8565777110089,
            627.1475888686086,
            619.4386000262083,
            611.7296111838081,
            604.0206223414078,
            596.3116334990076,
            588.6026446566074,
            580.893655814207,
            573.1846669718069,
            565.4756781294066,
            557.7666892870063,
            550.057700444606,
            542.3487116022059,
            534.6397227598055,
            526.9307339174053,
            519.221745075005,
            511.51275623260483,
            503.80376739020454,
            496.09477854780425,
            488.38578970540397,
            480.6768008630037,
            472.96781202060345,
            465.25882317820316,
            457.54983433580287,
            449.8408454934026,
            442.1318566510024,
            434.4228678086021,
            426.71387896620195,
            419.00489012380166,
            411.29590128140137,
            403.5869124390012,
            395.87792359660085,
            388.1689347542006,
            380.45994591180045,
            372.75095706940016,
            365.0419682269999,
            357.33297938459964,
            349.6239905421994,
            341.9150016997991,
            334.20601285739895,
            326.49702401499866,
            318.78803517259837,
            311.07904633019814,
            303.37005748779785,
            295.6610686453976,
            287.95207980299733,
            280.2430909605971,
            272.53410211819687,
            264.8251132757966,
            257.11612443339635,
            249.40713559099606,
            241.69814674859572,
            233.98915790619546,
            226.28016906379514,
            218.57118022139485,
            210.86219137899454,
            203.1532025365943,
            195.444213694194,
            187.7352248517937,
            180.02623600939344,
            172.3454573423213,
            164.87342945287145,
            157.8966734060345,
            151.63657705807285,
            146.14728235783076,
            141.4100050460513,
            137.3924678070605,
            134.06813196085966,
            131.41903716289892,
            129.43414221268094,
            128.107065799248,
            127.43421841535003,
            127.4134465312433,
            128.04309739091886,
            129.3213893418045,
            131.24599433396207,
            133.81376531743086,
            137.02056216649692,
            140.86114469419655,
            145.32911153806089,
            150.41687057376527,
            156.11563111998979,
            162.4154112893295,
            169.30505592447852,
            176.7722619727346,
            184.80360911708246,
            193.38459414527296,
            202.49966799664477,
            212.13227474484856,
            222.26489199678778,
            232.87907234356848,
            243.9554856082596,
            255.47396171170638,
            267.41353403114687,
            279.7524831636759,
            292.46838103240407,
            305.5381352908042,
            318.9380339925894,
            332.6437905022158,
            346.63058862596125,
            360.873127946358,
            375.34566934419763,
            390.02208069281255,
            404.8758827092178,
            419.88029494619246,
            435.0082819086721,
            450.2325992770366,
            465.52584021909513,
            480.8604817718618
        ]
    ],
    "wingspan": [
        5.25004408359042
    ],
    "chordlen": [
        0.35999999000150174
    ],
    "struct_aoa": [
        6.004399519823175
    ],
    "cg_le_dist": [
        0.044999811124921185
    ],
    "hstab_span": [
        0.2999999950148628
    ],
    "hstab_chordlen": [
        0.14999999800775374
    ],
    "hstab_aoa": [
        4.668370168969469e-08
    ],
    "boom_length": [
        0.9999999800390047
    ]
}